{
    "positionBInA": {
        "x": -0.5099999904632568,
        "y": -0.07000000029802323,
        "z": 0.49000000953674319
    },
    "rotationBInAEuler": {
        "x": -5.0,
        "y": 64.55000305175781,
        "z": 0.0
    },
    "cameraASerial": "419222300508",
    "cameraBSerial": "409122300736",
    "savedAtUtc": "2026-03-23T23:20:17.1615736Z"
}