{
    "positionBInA": {
        "x": 0.7690995335578919,
        "y": -0.010000007227063179,
        "z": 0.527400016784668
    },
    "rotationBInAEuler": {
        "x": -4.0,
        "y": -72.3499984741211,
        "z": 0.0
    },
    "cameraASerial": "419222300508",
    "cameraBSerial": "409122300736",
    "savedAtUtc": "2026-03-27T17:53:25.4983934Z"
}